{
  "precision": 0.9846153846153847,
  "recall": 0.9552238805970149,
  "f1_score": 0.9696969696969696,
  "confusion_matrix": [
    [
      32,
      1
    ],
    [
      3,
      64
    ]
  ],
  "counts": {
    "total_evaluated": 100,
    "total_positive": 67,
    "total_predicted_positive": 65
  },
  "aucpr": 0.9888888888888889,
  "latency": {
    "mean": 50.40016842105263,
    "median": 48.838,
    "min": 30.812,
    "max": 86.74,
    "std": 11.722740270973093
  }
}